City,total_contributors,total_stars,avg_stars_per_contributor
"""Sf. Antonie cel Mare"" și ""Sf. Andrei Șaguna""",1,6272,6272.0
's-Hertogenbosch,2,76375,38187.5
"+52° 21' 16.01""",1,3448,3448.0
0.1,1,41513,41513.0
0/0 0/0,1,6272,6272.0
04-63,1,36520,36520.0
3b,1,11552,11552.0
404,2,171093,85546.5
404 Not Found,1,30595,30595.0
50/A,1,148290,148290.0
55.661349,1,35079,35079.0
555 Bailey Ave,1,19570,19570.0
5P79+6FH,1,77895,77895.0
616,1,15359,15359.0
68 093,1,8218,8218.0
800 Dongchuan RD. Minhang District,1,40041,40041.0
96,1,12510,12510.0
@localhost,11,417374,37943.09090909091
A Coruña,2,44537,22268.5
ADC,1,71195,71195.0
ATLANTA,1,10938,10938.0
AZ,1,14711,14711.0
Aachen,5,150522,30104.4
Aalborg,2,39968,19984.0
Aalsmeer,1,21220,21220.0
Aarhus,5,106945,21389.0
Aberdeen,1,8101,8101.0
Abidjan,1,21220,21220.0
Abu Dhabi,3,58187,19395.666666666668
Acaraú,1,6268,6268.0
Accra,2,31867,15933.5
Addis Ababa,1,77895,77895.0
Adelaide,4,130245,32561.25
Agra,1,15359,15359.0
Ahaus,1,8101,8101.0
Ahmedabad,8,220822,27602.75
Akihabara,1,148290,148290.0
Akron,1,14182,14182.0
Alacant / Alicante,1,12053,12053.0
Alappuzha,1,27246,27246.0
Albany,2,35517,17758.5
Alcobendas,1,9466,9466.0
Alexandria,3,21202,7067.333333333333
Alger ⴷⵣⴰⵢⴻⵔ الجزائر,1,13062,13062.0
Alibaba Cloud,1,39146,39146.0
Alicante,3,36767,12255.666666666666
Alipurduar,1,19570,19570.0
Aliso Viejo,1,148290,148290.0
Alkmaar,1,3459,3459.0
Almaden Valley,1,19570,19570.0
Alpha Centauri,1,10360,10360.0
Alsace,1,15951,15951.0
Amherst,2,32872,16436.0
Amherstburg,1,37244,37244.0
Amman,16,461933,28870.8125
Amravati,1,40041,40041.0
Amsterdam,108,3167081,29324.824074074073
Amsterdam Metropolitan Area,1,30974,30974.0
Anacortes,1,40041,40041.0
Anahola,1,29501,29501.0
Andorra,2,51939,25969.5
Andromeda Galaxy (M31),1,29501,29501.0
Angers,2,67171,33585.5
Anhui,1,56047,56047.0
Ankara,13,649130,49933.07692307692
Ann Arbor,12,319430,26619.166666666668
Annapolis,1,8557,8557.0
Annecy,1,49378,49378.0
Antalya,1,77895,77895.0
Antarctica,1,71312,71312.0
Antwerp,5,142076,28415.2
Antwerpen,1,16826,16826.0
Anyang & Seoul,1,77961,77961.0
Apex,1,19570,19570.0
Ardèche,1,37244,37244.0
Arg,1,5813,5813.0
Argentina,8,84886,10610.75
Arizona,9,221780,24642.222222222223
Arlington,5,154110,30822.0
Armenia,2,61539,30769.5
Arumuganeri,1,3961,3961.0
Arvida,1,23211,23211.0
As Sulaymaniyah,2,30299,15149.5
Ashland,1,8218,8218.0
Asia,3,71676,23892.0
Asia/Tokyo timezone,1,33955,33955.0
Assam,1,77895,77895.0
Athens,21,691860,32945.71428571428
Athlone,1,6799,6799.0
Atlanta,29,870359,30012.379310344826
Atlanta Street,1,11812,11812.0
Auburn,1,5813,5813.0
Auckland,9,214877,23875.222222222223
Augsburg,2,27138,13569.0
Auroville,1,23679,23679.0
Austin,62,1382143,22292.629032258064
Australia,3,73788,24596.0
Austria,1,13062,13062.0
Autocaravana,1,29022,29022.0
Aveiro,1,12898,12898.0
Ayiti,1,77895,77895.0
Azad Hind Fauj Marg,1,9536,9536.0
Açailândia,1,6559,6559.0
B-612,1,22803,22803.0
BC,5,214875,42975.0
BLR,2,22912,11456.0
BOND NO. 9 NYC,1,29501,29501.0
Bad Kreuznach,1,62415,62415.0
Baden,1,77961,77961.0
Bajio,1,171829,171829.0
Bali,2,56927,28463.5
Baltimore,5,353299,70659.8
Banco do Brasil,1,6268,6268.0
Bandaragama,1,10938,10938.0
Bandung,3,115127,38375.666666666664
Bangaldesh Bitar SW Tower,1,10938,10938.0
Bangalore,50,1295075,25901.5
Bangkok,6,214795,35799.166666666664
Banglore,2,51812,25906.0
Banglore Town,4,109115,27278.75
Banyuwangi,1,4325,4325.0
Bar,2,57460,28730.0
Barcelona,60,1569097,26151.616666666665
Bareilly,1,10854,10854.0
Bari,3,119785,39928.333333333336
Barranquilla,1,27040,27040.0
Basel,2,112867,56433.5
Bath,2,140310,70155.0
Bathroom,1,8418,8418.0
Batu Pahat,1,36240,36240.0
Bauchi,1,8218,8218.0
Bauru,1,6425,6425.0
Bavaria,3,102276,34092.0
Bay Area,12,328732,27394.333333333332
Bay Area | Bend,1,29501,29501.0
Bay area,2,32386,16193.0
Bayern,2,176254,88127.0
Bayreuth,1,62415,62415.0
Beaufort,1,40203,40203.0
Beernem,1,5813,5813.0
Beersheba,1,30974,30974.0
Bei Jing,1,33955,33955.0
BeiJing,2,9943,4971.5
Beijing,112,3831146,34206.66071428572
Beijing City,1,56047,56047.0
Beijing University of Posts and Telecommunications,1,4358,4358.0
Beirut,3,97047,32349.0
Belarus,1,13062,13062.0
Belfast,4,107247,26811.75
Belfort,1,35079,35079.0
België / Belgique / Belgien,20,807872,40393.6
Belgrade,10,225975,22597.5
Belgrade (previously Bordeaux,1,53164,53164.0
Bellaterra,1,12053,12053.0
Bellevue,18,393728,21873.777777777777
Bellingham,1,13062,13062.0
Belluno,1,14182,14182.0
Belo Horizonte,3,107899,35966.333333333336
Belém,1,11687,11687.0
Bench-In-The Middle-Of-Nowhere,1,40323,40323.0
Bend,3,66376,22125.333333333332
Bendigo,1,77895,77895.0
Bengalore,1,21627,21627.0
Bengaluru,108,2907859,26924.62037037037
Bergamo,3,65464,21821.333333333332
Bergen,2,76561,38280.5
Berkeley,39,994538,25500.97435897436
Berkeley CA,1,22335,22335.0
Berlin,194,5914065,30484.871134020617
Bern,2,41009,20504.5
Bernau,1,62415,62415.0
Berne,1,19093,19093.0
Bessèges,1,15951,15951.0
Bethesda,3,62074,20691.333333333332
Bhavnagar,1,24772,24772.0
Bhilwara,1,7980,7980.0
Bhopal,1,4626,4626.0
Bhubaneswar,2,25144,12572.0
Biatorbágy,1,62415,62415.0
Białystok,2,31964,15982.0
Bidhannagar,1,77895,77895.0
Bihar,1,4425,4425.0
Bikaner,2,56048,28024.0
Birmingham,11,622243,56567.545454545456
Birpara,1,23679,23679.0
Bismarck,1,23211,23211.0
Bitola,2,54492,27246.0
Black Forest,1,4425,4425.0
Blacksburg,1,5468,5468.0
Block,1,62415,62415.0
Bloomington,2,43917,21958.5
Blue Ridge Public School,1,6450,6450.0
Bluffton,1,13062,13062.0
Bocaina de Minas,1,77895,77895.0
Bochum,1,62415,62415.0
Bodrum,1,22335,22335.0
Bogotá,8,384856,48107.0
Boise,2,154715,77357.5
Bologna,7,196086,28012.285714285714
Bondo,1,11599,11599.0
Bonn,6,104757,17459.5
Bordeaux,5,194468,38893.6
Boston,64,1886183,29471.609375
Bothell,1,29501,29501.0
Boulder,14,294510,21036.428571428572
Bourg-en-Bresse,1,49378,49378.0
Bournemouth,1,39146,39146.0
Boynton Beach,1,4335,4335.0
Bozeman,1,7852,7852.0
Braga,2,12763,6381.5
Bramsche,1,8101,8101.0
Brasil,67,2215462,33066.59701492537
Brasília,8,164039,20504.875
Bratislava,4,223696,55924.0
Brattleboro,1,29022,29022.0
Braunschweig,4,110935,27733.75
Brazil,3,108048,36016.0
Bremen,2,8489,4244.5
Brest,2,27472,13736.0
Bretagne,1,62415,62415.0
Brighton,3,27312,9104.0
Brisbane,14,316233,22588.071428571428
Bristol,10,389503,38950.3
British Columbia,1,13062,13062.0
Brno,11,219698,19972.545454545456
Brookfield,1,37358,37358.0
Brooklyn,23,721624,31374.956521739132
Brooklyn Basin,1,29501,29501.0
Brookyln,1,14182,14182.0
Broomfield,1,37244,37244.0
Brunei,1,171829,171829.0
Brunswick,1,4536,4536.0
Brussels,5,127632,25526.4
Bruxelles,2,70516,35258.0
Bruxelles - Brussel,7,129585,18512.14285714286
Bucharest,6,122426,20404.333333333332
Bucuresti,1,62415,62415.0
București,3,43632,14544.0
Budapest,26,1080759,41567.653846153844
Buea,1,5502,5502.0
Buenos Aires,9,371217,41246.333333333336
Bulgaria,1,14182,14182.0
Bumi Sukowati,1,3433,3433.0
Burgos,2,54385,27192.5
Burlington,3,215033,71677.66666666667
Burnaby,1,71195,71195.0
Busan,2,58044,29022.0
Butte,1,21220,21220.0
Buvęs Rusijos imperijos paštas,1,39146,39146.0
Børkop,1,29022,29022.0
CA,4,269952,67488.0
CHN,1,33955,33955.0
CT,1,19972,19972.0
Caen,3,43432,14477.333333333334
Cairo,7,222676,31810.85714285714
Calabasas,1,22803,22803.0
Calgary,4,282586,70646.5
California,68,1614317,23739.95588235294
Cambridge,56,868505,15509.017857142857
Campbell County,2,28326,14163.0
Campinas,4,127891,31972.75
Campus Diepenbeek,1,3448,3448.0
Canada,4,49871,12467.75
Canberra,3,93686,31228.666666666668
Candlewood Suites - Philadelphia - Airport Area,1,6171,6171.0
Cantho,1,6799,6799.0
Canton,4,133574,33393.5
Cape Girardeau,1,7760,7760.0
Cape Town,28,1144558,40877.07142857143
Capital Region International Airport,1,33955,33955.0
Caracas,1,5502,5502.0
Carrer de Budapest,1,40203,40203.0
Carrer de Tenerife,1,40203,40203.0
Caruaru,2,35552,17776.0
Cary,3,201599,67199.66666666667
Casablanca,1,19286,19286.0
Casablanca ⵜⴰⴷⴷⴰⵔⵜ ⵜⵓⵎⵍⵉⵍⵜ الدار البيضاء,2,46538,23269.0
Cavite,1,8023,8023.0
Cazenovia,1,16273,16273.0
Cebu City,1,17000,17000.0
Central Oregon Canal,1,9536,9536.0
Champaign,2,43306,21653.0
Chandigarh,4,33548,8387.0
Chandrapur,1,16926,16926.0
Chapecó,1,21627,21627.0
Chapel HIll,1,30974,30974.0
Chapel Hill,2,55770,27885.0
Charleston,3,51313,17104.333333333332
Charlotte,8,324323,40540.375
Charlotte NC,1,8418,8418.0
Charlottesville,1,4524,4524.0
Chattogram,1,5838,5838.0
Chau Doc,1,7980,7980.0
Chavakachcheri,1,11687,11687.0
Cheng Du,2,85813,42906.5
ChengDu,1,71195,71195.0
Chengdu,16,556887,34805.4375
Chennai,28,741221,26472.178571428572
Chernivtsi,1,27246,27246.0
Cheshire,1,5502,5502.0
Chester Springs,1,44122,44122.0
Chhatrapati Sambhaji Nagar,1,19286,19286.0
Chi-Town,1,19570,19570.0
Chiang Mai,3,239997,79999.0
Chiba,3,85220,28406.666666666668
Chicago,42,1177838,28043.761904761905
Chichester,1,40203,40203.0
Chihuahua,1,27246,27246.0
Chile,5,238188,47637.6
China,18,696985,38721.38888888889
China & USA,1,14182,14182.0
China Beijing,2,28616,14308.0
China Shanghai,2,44893,22446.5
Chitwan,1,49378,49378.0
ChongQing,1,22803,22803.0
Chongqin Village,1,33955,33955.0
Chongqing,3,66303,22101.0
Cincinanti,1,148290,148290.0
Cincinnati,2,45142,22571.0
Circassia,1,6487,6487.0
City of Brisbane,9,275606,30622.88888888889
City of Edinburgh,5,86732,17346.4
City of New York,133,3837737,28855.165413533836
Ciudad de México,7,361974,51710.57142857143
Cleveland,4,58840,14710.0
Cloud County,3,20543,6847.666666666667
Cluj-Napoca,3,66500,22166.666666666668
Coblenz,1,11812,11812.0
Cochabamba,1,37244,37244.0
Coimbatore,6,90138,15023.0
Coimbra,2,53684,26842.0
College Park,4,148625,37156.25
College Station,1,34972,34972.0
Cologne,8,163981,20497.625
Colombia,6,342637,57106.166666666664
Colombo,4,124750,31187.5
Colorado,9,330773,36752.555555555555
Colorado Springs,3,188469,62823.0
Columbia,1,29022,29022.0
Columbia University,1,171829,171829.0
Columbus,2,36547,18273.5
Como,2,29636,14818.0
Connecticut,2,35397,17698.5
ConnectionError: Server unavailable,1,56047,56047.0
Constance,1,77961,77961.0
Consulat Général de Suisse,1,171829,171829.0
Copenhagen,15,301321,20088.066666666666
Cork,2,57323,28661.5
Cornellà de Llobregat,1,6559,6559.0
Corte Madera,1,14647,14647.0
Corvallis,2,188331,94165.5
Costa Rica,2,75676,37838.0
Costa del Sol,1,32389,32389.0
Cotonou,1,29501,29501.0
Covington,1,23211,23211.0
Cracow,4,180489,45122.25
Crailsheim,1,19371,19371.0
Crete,1,29022,29022.0
Cromer,1,8218,8218.0
Cuba,1,77961,77961.0
Cuiabá,1,5813,5813.0
Cumming,1,6559,6559.0
Cundinamarca,1,6425,6425.0
Cupertino,4,72304,18076.0
Curitiba,3,199474,66491.33333333333
Cyberspace Network Limited,4,119865,29966.25
Cymru / Wales,1,4325,4325.0
Czestochowa,1,23211,23211.0
Córdoba,1,8218,8218.0
Côte d'Azur,1,21220,21220.0
Côte d’Ivoire,2,112094,56047.0
DIY,1,41513,41513.0
Daegu,1,21627,21627.0
Daejeon,1,5075,5075.0
Daerah Khusus ibukota Jakarta,7,95308,13615.42857142857
Dakar,1,19570,19570.0
Dalian,1,27040,27040.0
Dallas,15,563474,37564.933333333334
Dallas/Fort Worth,2,76900,38450.0
Danmark,22,568682,25849.18181818182
Darmstadt,2,27703,13851.5
Darnestown,1,21220,21220.0
Darwin,1,29501,29501.0
Davao City,1,3459,3459.0
Davis,1,8405,8405.0
Daydream,1,33955,33955.0
Dayton,3,25996,8665.333333333334
De Bilt,1,3341,3341.0
Debrecen,1,29022,29022.0
Dehradun,1,40203,40203.0
Delegation of the European Union,1,18221,18221.0
Deleware,1,77961,77961.0
Delft,9,326505,36278.333333333336
Delhi,26,747466,28748.69230769231
Delhi University (North Campus),1,8218,8218.0
Delhi/Bangalore,1,29022,29022.0
Denver,25,690017,27600.68
Des Moines,3,78274,26091.333333333332
Detroit,1,4694,4694.0
Deutschland,178,5676473,31890.29775280899
Devarapalli,1,24772,24772.0
Dhaka,15,526706,35113.73333333333
Dhanbad,1,16926,16926.0
Diemen,1,29501,29501.0
Dimension Townhomes,1,4335,4335.0
Diriamba,1,8557,8557.0
Doncaster,1,5813,5813.0
DongGuan,1,10938,10938.0
Dongcheng,1,4741,4741.0
Dordrecht,1,11687,11687.0
Dormagen,1,5813,5813.0
Dortmund,7,153435,21919.285714285714
Douala,1,27246,27246.0
Downtown,1,8101,8101.0
Drachten,1,3685,3685.0
Dream,1,22803,22803.0
Dreamland,1,23679,23679.0
Dresden,2,34730,17365.0
Drupe Designs - Metaverse Marketing,3,226187,75395.66666666667
Dubai,18,377932,20996.222222222223
Dubin,1,7852,7852.0
Dublin,29,448349,15460.310344827587
Dunedin,1,77895,77895.0
Durango,1,5989,5989.0
Durban,1,23211,23211.0
Durham,9,309761,34417.88888888889
Düsseldorf,2,106983,53491.5
EAST BURDWAN,1,27246,27246.0
EPFL Innovation Park Building C,1,3448,3448.0
ETH Zürich,1,4853,4853.0
Earth,86,2749636,31972.511627906977
East,1,35079,35079.0
East Asia,1,8195,8195.0
East Java,1,15359,15359.0
East Palo Alto,2,37442,18721.0
Eastern,1,5470,5470.0
Ecaps,1,8101,8101.0
Echo Valley Mobile Home Park,1,4536,4536.0
Ede Gelderland,1,21220,21220.0
Edgbaston,1,33955,33955.0
Edinburgh,6,163272,27212.0
Edison,1,30595,30595.0
Edmonton,15,475088,31672.533333333333
Eesti,5,81434,16286.8
Egypt,1,11812,11812.0
Eindhoven,10,510999,51099.9
El Granada,1,5504,5504.0
El Salvador,1,23679,23679.0
Embassy of Belgium,1,8101,8101.0
Emsdetten,1,6171,6171.0
Endor,1,23211,23211.0
England,2,39494,19747.0
Enschede,1,29022,29022.0
Equestria Estate,1,11552,11552.0
Erlangen,2,41988,20994.0
Eskilstuna,1,6559,6559.0
España,33,1141747,34598.393939393936
Espoo,3,136870,45623.333333333336
Espírito Santo,1,6268,6268.0
Essex,1,21220,21220.0
Esslingen,1,12053,12053.0
Eswatini,2,38290,19145.0
Ether,1,36520,36520.0
Euronet Worldwide,1,148290,148290.0
Europe,13,366088,28160.615384615383
Europe - usually: Zürich,1,5621,5621.0
Euskal Herria,2,209073,104536.5
Evanston,1,62415,62415.0
Everywhere,6,169185,28197.5
Exeter,2,56062,28031.0
Expo,1,8405,8405.0
F4 objektum,1,71195,71195.0
FL,1,77961,77961.0
Fairfax,5,83649,16729.8
Falköping,1,171829,171829.0
Faridabad,2,23376,11688.0
Fayetteville,1,39146,39146.0
FedEx Service Center,1,40203,40203.0
Ferozepur,1,15359,15359.0
Ferrari of Seattle Service,1,30974,30974.0
Flagstaff,2,33356,16678.0
Flight Status,1,7852,7852.0
Florianópolis,3,112837,37612.333333333336
Florida,9,290837,32315.222222222223
Flughafen Berlin Brandenburg,1,171829,171829.0
Foligno,1,77961,77961.0
Folkestone,1,8101,8101.0
Follow Your Heart Market,1,49378,49378.0
Folsom,3,39440,13146.666666666666
Fonthill,1,10938,10938.0
Fort Collins,4,82398,20599.5
Fort Lauderdale,1,16826,16826.0
Fort Myers,1,30974,30974.0
Fort Wayne,1,77961,77961.0
Fort Worth,1,3481,3481.0
Fortaleza,3,30051,10017.0
Foster City,2,13779,6889.5
France,96,3275231,34116.989583333336
France Paris,2,155856,77928.0
Frankfurt,6,259112,43185.333333333336
Frankfurt am Main,11,263608,23964.363636363636
Fredericton,1,39146,39146.0
Freedom,1,26968,26968.0
Fremont,2,46610,23305.0
Fresno,1,16926,16926.0
Friedrichshafen,1,5813,5813.0
Friesland,1,21220,21220.0
Frisco,2,10970,5485.0
Fudan Univeristy,1,33955,33955.0
Fujian,3,153827,51275.666666666664
Fujisawa,1,71195,71195.0
Fukuoka,1,71312,71312.0
Fuzhou,2,95967,47983.5
Gainesville,3,95686,31895.333333333332
Gaithersburg,1,14182,14182.0
Galaxy,1,13062,13062.0
Galicia,2,23904,11952.0
Galilee,1,5148,5148.0
Galle,1,40041,40041.0
Galveston County,1,37358,37358.0
Galway,1,6462,6462.0
Gandhi Nagar,1,19286,19286.0
Gandhinagar,2,12552,6276.0
Gangnam-gu,1,71195,71195.0
Gargantua,1,8195,8195.0
Gatineau,2,52208,26104.0
Gatokae Airport,1,12394,12394.0
Gdansk,2,15704,7852.0
Gdańsk,17,197348,11608.70588235294
Geelong,2,23385,11692.5
Gejiu,1,6425,6425.0
Genesis,1,3459,3459.0
Geneva,11,355167,32287.909090909092
Genoa,1,29022,29022.0
Genova,1,7582,7582.0
Gent,4,123018,30754.5
Genève,4,100004,25001.0
Georgia,5,212241,42448.2
Germany,18,595359,33075.5
Ghana,2,94895,47447.5
Ghaziabad,1,11812,11812.0
Ghent,5,146080,29216.0
Gibraltar,1,29501,29501.0
Gießen,1,4853,4853.0
Gijón,1,15915,15915.0
Gilbert,1,3806,3806.0
Ginza,1,30974,30974.0
Girona,1,7582,7582.0
Gisburne Park Hospital (Not A and E),1,4425,4425.0
GitHub,1,36520,36520.0
Giza,2,23211,11605.5
Glasgow,12,459276,38273.0
Gliwice,1,22335,22335.0
Global Biodiversity Information Facility,8,357001,44625.125
Gnesta,1,7980,7980.0
Go Anywhere Slab,1,7215,7215.0
Goa,3,61009,20336.333333333332
Goiás,1,171829,171829.0
Goiânia,3,54494,18164.666666666668
Gold Coast,1,13062,13062.0
Golden,1,23736,23736.0
Gomel,1,11812,11812.0
Gothenburg,3,149208,49736.0
Government Engineering College,1,3425,3425.0
Grad Zagreb,8,421356,52669.5
Grad Čakovec,1,9513,9513.0
Granada,2,17316,8658.0
Grand Blanc,1,36240,36240.0
Grand Forks,1,16826,16826.0
Grand Rapids,3,33383,11127.666666666666
Granollers,1,62415,62415.0
Graz,4,84733,21183.25
Great Rift Valley,1,40472,40472.0
Great Salt Lake City,1,8101,8101.0
Greater Boston,1,19808,19808.0
Greater Los Angeles,3,15723,5241.0
Greater Rochester International Airport,1,29022,29022.0
Greater Vancouver,1,30974,30974.0
Greifensee,1,23679,23679.0
Grenoble,7,192171,27453.0
Grenze Schweiz - France,1,26365,26365.0
Groningen,3,48599,16199.666666666666
Guang Dong,1,5730,5730.0
GuangZhou,5,213715,42743.0
Guangdong,5,250134,50026.8
Guangxi,1,26585,26585.0
Guangzhou,21,789269,37584.23809523809
Guangzhou City,1,33955,33955.0
Gui Lin,1,7852,7852.0
Guildford,4,118225,29556.25
Guilin,1,71195,71195.0
Guiyang,1,17000,17000.0
Guizhou,1,71195,71195.0
Gujarat,1,6272,6272.0
Gurgaon,3,17787,5929.0
Gurugram,8,203799,25474.875
Guwahati,1,5468,5468.0
Gwalior,3,98652,32884.0
Gyeonggi,1,77961,77961.0
Gyeonggi-do,1,4833,4833.0
Görlitz,1,7582,7582.0
Göteborg,3,24298,8099.333333333333
Güssing,1,62415,62415.0
HCM,1,8023,8023.0
HCM City,1,6487,6487.0
HCMC,1,17000,17000.0
HK,1,5468,5468.0
HZ,1,71195,71195.0
Haan,1,62415,62415.0
Haarlem,1,62415,62415.0
Haidian,1,53637,53637.0
Haldia Institute of Technology,1,27246,27246.0
Half Moon Bay,3,70027,23342.333333333332
Halifax,2,104935,52467.5
Halmstad,1,33955,33955.0
Halol,1,27246,27246.0
Hamar,1,23679,23679.0
Hamburg,26,622961,23960.03846153846
Hameln,1,62415,62415.0
Hamilton,5,173295,34659.0
Hampshire,1,6559,6559.0
Hang Zhou,2,42150,21075.0
HangZhou,5,203831,40766.2
Hangzhou,41,1191861,29069.780487804877
Hannover,4,113839,28459.75
Hanoi,3,48942,16314.0
Hanover,3,34513,11504.333333333334
Harare,1,27040,27040.0
Harbin,3,76826,25608.666666666668
Hartsfield–Jackson Atlanta International Airport,1,27040,27040.0
Harvard Medical School,1,36520,36520.0
Haryana,1,19570,19570.0
Hastings,1,27246,27246.0
Hattiesburg,1,37358,37358.0
Hazaribagh,2,32285,16142.5
Hebden Bridge,1,30595,30595.0
Hefei,2,40557,20278.5
Heidelberg,10,304593,30459.3
Helsingør,1,23736,23736.0
Helsinki,17,466359,27432.882352941175
Henley-on-Thames,1,62415,62415.0
Here,3,100798,33599.333333333336
Herndon,2,29147,14573.5
Herzliya,1,40041,40041.0
Hickory,1,12868,12868.0
Hillsboro,4,25632,6408.0
Hilversum,1,40203,40203.0
Himalayas,1,5622,5622.0
Hlavní město Praha,18,612408,34022.666666666664
Ho Chi Minh,2,47665,23832.5
Ho Chi Minh City,7,228444,32634.85714285714
Hobart,1,23211,23211.0
Hoboken,2,46131,23065.5
Hodgkin Building,1,23736,23736.0
Hoevenstraat,1,41513,41513.0
Home,4,139396,34849.0
Homeless,1,27246,27246.0
Hong Kong,2,55018,27509.0
Hongkong,1,16826,16826.0
Honolulu,5,132575,26515.0
Houston,17,421063,24768.41176470588
Hsinchu,3,187305,62435.0
Hubei,1,19188,19188.0
Hudson's Bay Outlet,2,16413,8206.5
Hulshout,1,4939,4939.0
Hungary,2,85918,42959.0
Huntington Beach,1,40203,40203.0
Huntsville,7,268119,38302.71428571428
Hyattsville,1,30974,30974.0
Hyderabad,38,630298,16586.78947368421
Hyderbad,1,14182,14182.0
Hydrabad,1,27246,27246.0
Hyogo,1,26968,26968.0
Hz. Yakup Mahallesi,1,33955,33955.0
Hángzhōu,1,6462,6462.0
IIT Kanpur,1,29022,29022.0
IN,1,40323,40323.0
IONIA,1,22803,22803.0
IR6,1,7852,7852.0
Iasi,2,19835,9917.5
Ibadan,3,55396,18465.333333333332
Idaho,2,12515,6257.5
Ieper,1,19570,19570.0
Illinois,5,125571,25114.2
Ilmenau,1,19570,19570.0
Ilorin,1,3608,3608.0
Imbiss Sarajevo,1,12053,12053.0
Indaial,1,6268,6268.0
India,286,7370409,25770.66083916084
Indian Institute Of Information Technology,1,14182,14182.0
Indian Institute of Science,1,8218,8218.0
Indian Institute of Technology Bombay,1,11812,11812.0
Indian Institute of Technology Kharagpur,1,8218,8218.0
Indiana,5,192528,38505.6
Indianapolis,3,193975,64658.333333333336
Indonesia,20,712771,35638.55
Indore,9,212954,23661.555555555555
Ingelmunster,1,171829,171829.0
Ingolstadt,3,31958,10652.666666666666
Innsbruck,2,13293,6646.5
International Institute Of Information Technology Naya Raipur,1,27246,27246.0
Internet Archive,9,468857,52095.22222222222
Iowa,1,27040,27040.0
Ipswich,1,3459,3459.0
Ireland,4,30333,7583.25
Irvine,7,183957,26279.571428571428
Irving,1,29022,29022.0
Irún,1,77961,77961.0
Isekai,1,56047,56047.0
Isfahan,1,16826,16826.0
Isla Vista,1,3448,3448.0
Islamabad,8,106880,13360.0
Isle of Man,1,8023,8023.0
Israel,2,67490,33745.0
Istanbul,6,151588,25264.666666666668
Istanbul Turkey,3,72917,24305.666666666668
Itajubá,1,27040,27040.0
Italia,53,1528256,28835.01886792453
Italy,1,3459,3459.0
Ithaca,3,79044,26348.0
Ivins,1,7913,7913.0
Izmir,1,14182,14182.0
Jackson,1,8420,8420.0
Jacksonville,2,24849,12424.5
Jaipur,3,49277,16425.666666666668
Jakarta,4,172563,43140.75
Jalandhar,1,27246,27246.0
Jammu and Kashmir,1,10938,10938.0
Japan,3,49912,16637.333333333332
Jaraguá do Sul,1,8023,8023.0
Jatiasih,1,77961,77961.0
Jeju,1,23679,23679.0
Jena,2,36002,18001.0
Jeonju,1,21627,21627.0
Jersey City,5,107466,21493.2
Jerusalem,1,77961,77961.0
Jesús María,1,12898,12898.0
Jharkhand,1,20905,20905.0
Jiangsu,2,52833,26416.5
Jiaxing,1,26585,26585.0
Jodhpur,1,15359,15359.0
Jodoigne,1,29022,29022.0
Johannesburg,1,5502,5502.0
Johnson City,1,29022,29022.0
Joinville,2,80406,40203.0
João Pessoa,2,41428,20714.0
Juiz de Fora,1,6268,6268.0
Jyväskylä,1,148290,148290.0
Jülich,1,29501,29501.0
KCMO Mounted Patrol,1,4536,4536.0
Kailua Kona,1,19570,19570.0
Kamensk-Uralskiy,1,8101,8101.0
Kampala,2,105141,52570.5
Kamra,1,24772,24772.0
Kanagawa,2,9448,4724.0
Kanazawa,1,23211,23211.0
Kanpur,4,67611,16902.75
Kanpur Uttar Pradesh,1,15359,15359.0
Kansas City,8,73340,9167.5
Kaohsiung,3,236485,78828.33333333333
Karachi,3,55076,18358.666666666668
Karlsruhe,14,501593,35828.07142857143
Karnataka,1,77895,77895.0
Karur,1,27040,27040.0
Kathmandu,3,50096,16698.666666666668
Kaunas,1,30974,30974.0
Kazan,1,19570,19570.0
Keelung,1,19570,19570.0
Kelowna,2,32632,16316.0
Kent,2,212032,106016.0
Kentucky,1,30005,30005.0
Kerala,12,476603,39716.916666666664
Kerrville,1,11812,11812.0
Kfar Sava,1,30974,30974.0
Kharagpur,1,21627,21627.0
Kharghar,2,56747,28373.5
Kharkiv,1,17000,17000.0
Khon Kaen,1,37358,37358.0
Kiel,1,29022,29022.0
Kigali,1,3727,3727.0
Kimberley,1,30595,30595.0
King George,1,171829,171829.0
Kingston,2,20959,10479.5
Kingston upon Thames,1,8101,8101.0
Kirkland,3,24627,8209.0
Kirksville,1,21220,21220.0
Kitchener,1,77961,77961.0
Kleinmachnow near Berlin,1,22335,22335.0
Knowhere,1,19371,19371.0
Knoxville,4,190178,47544.5
Kocaeli,1,12053,12053.0
Kochi,8,288355,36044.375
Kolhapur,2,34645,17322.5
Kolkata,31,563728,18184.774193548386
Kongens Lyngby,1,6559,6559.0
Kongens Nytorv 6,1,19371,19371.0
Korea,5,41869,8373.8
Kosice,1,13062,13062.0
Kota Bandung,4,140987,35246.75
Kota Yogyakarta,2,30931,15465.5
Kotka,1,148290,148290.0
Kottayam,1,40203,40203.0
Krakow,3,74271,24757.0
Kraków,9,188845,20982.777777777777
Krasnoyarsk,1,148290,148290.0
Kreuzlingen,1,11812,11812.0
Kuala Lumpur,5,152936,30587.2
Kumamoto,1,26968,26968.0
Kunming,2,43365,21682.5
Kursk,1,6799,6799.0
Kyiv,9,390394,43377.11111111111
Kyoto,5,307938,61587.6
Kärnten,1,77895,77895.0
Köln,1,40203,40203.0
Königswinter,1,14647,14647.0
København,6,81850,13641.666666666666
Køge,1,4325,4325.0
La Canada Flintridge,1,11599,11599.0
La Jolla,3,89153,29717.666666666668
La Plata,1,4425,4425.0
La Rue,1,56047,56047.0
La Réunion,1,40203,40203.0
Lafayette,1,40472,40472.0
Lagos,36,717949,19943.027777777777
Lahore,20,755251,37762.55
Lake Washington,1,23211,23211.0
Lake Worth Beach,1,3459,3459.0
Lakewood,2,77399,38699.5
Lancaster,1,77895,77895.0
Landsol,1,23679,23679.0
Lansing,1,6425,6425.0
Las Palmas de Gran Canaria,3,39186,13062.0
Las Vegas,3,48911,16303.666666666666
Lasarte-oria,1,21220,21220.0
Lausanne,8,69248,8656.0
Lawndale,1,14647,14647.0
Lawrence,1,6559,6559.0
Le Chesnay,1,7980,7980.0
Le Pré des Dépends,1,27246,27246.0
Leamington Spa,1,49378,49378.0
Learmonth,1,53164,53164.0
Lecco,1,8101,8101.0
Lecture theater Complex (LT 2),1,12394,12394.0
Leeds,1,171829,171829.0
Lehi,2,40902,20451.0
Leiden,3,125142,41714.0
Leipzig,4,236638,59159.5
Leixlip,3,23556,7852.0
Lenexa,1,23679,23679.0
Leuven,1,53164,53164.0
León,1,4525,4525.0
Lille,3,40324,13441.333333333334
Lima,4,78822,19705.5
Lima Metropolitana,1,5502,5502.0
Limassol,2,43683,21841.5
Limoges,1,11122,11122.0
Lincoln,1,5148,5148.0
Linköping,1,77895,77895.0
Lisboa,10,253479,25347.9
Lisbon,17,536503,31559.0
Lithuania,2,68404,34202.0
Little Rock,1,5502,5502.0
Liège,1,4425,4425.0
Ljubljana,3,49951,16650.333333333332
Lleida,1,62415,62415.0
LocalHost,3,36909,12303.0
Lodz,1,36520,36520.0
Lokeren,1,11812,11812.0
London,242,6731758,27817.18181818182
Londrina,2,208349,104174.5
Long Beach,1,19371,19371.0
Longview,1,148290,148290.0
Loopback Drive,1,29501,29501.0
Los Alamos,1,21220,21220.0
Los Altos,1,5832,5832.0
Los Altos Hills,1,23736,23736.0
Los Angeles,59,1834368,31090.98305084746
Los Gatos,4,63550,15887.5
Louisiana,1,6559,6559.0
Louisville,4,268899,67224.75
Loveland,1,30005,30005.0
Lublin,1,3341,3341.0
Lucknow,8,159002,19875.25
Ludhiana,2,74150,37075.0
Ludwigsburg,1,5368,5368.0
Lugano,1,29022,29022.0
Lund,5,138384,27676.8
Luque,1,37358,37358.0
Luxembourg,7,299158,42736.857142857145
Lviv,2,13545,6772.5
Lyngby,1,29022,29022.0
Lynnwood,1,5100,5100.0
Lyon,13,500910,38531.53846153846
Lévis,1,11599,11599.0
Lübeck,1,77961,77961.0
ME,1,34972,34972.0
METRO,1,77895,77895.0
MIami,1,8418,8418.0
MPLS Divisional Office,1,171829,171829.0
MTL,1,3685,3685.0
MY ROOM,1,29370,29370.0
Macclesfield,1,71312,71312.0
Maceio,1,30005,30005.0
Maceió,1,19570,19570.0
Madhya Pradesh,1,37244,37244.0
Madison,13,152571,11736.23076923077
Madrid,45,1047265,23272.555555555555
Magdeburg,1,19972,19972.0
Maharashtra,2,42606,21303.0
Maine,2,9829,4914.5
Mainz,4,42279,10569.75
Malaga,2,83268,41634.0
Malappuram,1,5504,5504.0
Malaysia,8,312392,39049.0
Malinová,1,56047,56047.0
Mallard Point Remote non-electric canoe-in only campsite,1,40203,40203.0
Malmö,1,9536,9536.0
Malta,4,104767,26191.75
Mammoth Lakes,1,23679,23679.0
Manassas,1,11633,11633.0
Manaus,1,27040,27040.0
Manchester,13,421562,32427.846153846152
Mandalore Ink,1,4334,4334.0
Mandi,1,13062,13062.0
Mangalore,1,77895,77895.0
Mangaluru,2,31531,15765.5
Manhattan,3,101120,33706.666666666664
Manila,1,19214,19214.0
Mannheim,5,78760,15752.0
Mansfield Woodhouse,1,62415,62415.0
Mansoura,1,27246,27246.0
Marietta,1,7913,7913.0
Marina,1,5468,5468.0
Maringá,1,77895,77895.0
Markham,1,39146,39146.0
Maroc ⵍⵎⵖⵔⵉⴱ المغرب,4,235962,58990.5
Mars,15,423104,28206.933333333334
Marseille,1,5832,5832.0
Martock,1,35079,35079.0
Maryland,3,217534,72511.33333333333
Mashhad,1,37244,37244.0
Mason,1,40041,40041.0
Massachusetts,2,79752,39876.0
Maui,1,7934,7934.0
Medan,1,77961,77961.0
Medellin,3,199207,66402.33333333333
Medellín,2,99522,49761.0
Meerbusch,1,30974,30974.0
Melbourne,73,2118152,29015.780821917808
Melkweg,2,30309,15154.5
Melrose,1,23679,23679.0
Memories,1,7937,7937.0
Memorised up to 33.875,1,23679,23679.0
Mendocino,1,23679,23679.0
Menlo Park,18,263712,14650.666666666666
Merced,1,5693,5693.0
Metroplex Welding Supply,1,8218,8218.0
Metz,1,36240,36240.0
Mexico City,1,23211,23211.0
Miami,14,373689,26692.071428571428
Michigan,7,336018,48002.57142857143
Mid-Atlantic,1,171829,171829.0
Middletown,1,40203,40203.0
Milan,9,387156,43017.333333333336
Milano,6,178844,29807.333333333332
Milky Way,3,43426,14475.333333333334
Milkyway,1,7852,7852.0
Milpitas,2,50422,25211.0
Milwaukee,4,96343,24085.75
Minas Gerais,2,81730,40865.0
Minneapolis,10,226901,22690.1
Minnesota,4,47768,11942.0
Minsk,4,155599,38899.75
Mirandola,1,148290,148290.0
Mission,1,37358,37358.0
Mississauga,1,7511,7511.0
Missoula,3,47142,15714.0
Misurata,1,14647,14647.0
Miyota,1,23679,23679.0
Modena,2,54223,27111.5
Monroe,1,13062,13062.0
Montana,1,8418,8418.0
Monterrey,1,77895,77895.0
Montevideo,4,187020,46755.0
Montpellier,2,27175,13587.5
Montreal,23,517352,22493.565217391304
Montréal,34,1047983,30823.029411764706
Montélimar,1,30005,30005.0
Moorhead,1,5813,5813.0
Moradabad,1,10854,10854.0
Morning Mist Village,1,71195,71195.0
Morristown,1,29022,29022.0
Moscow,32,1331955,41623.59375
Mostar,1,30974,30974.0
Mostly Open,1,35079,35079.0
Mota Lava,1,10646,10646.0
Mouans-Sartoux,1,29501,29501.0
Mount Joy,1,13062,13062.0
Mount Rainier,1,29022,29022.0
Mountain,1,19286,19286.0
Mountain View,44,1372969,31203.840909090908
Mouscron,1,4425,4425.0
Muenster,1,37244,37244.0
Muhu,4,109854,27463.5
Mukilteo,1,3341,3341.0
Mulhouse,1,8218,8218.0
Multiverse,1,148290,148290.0
Mumbai,20,647300,32365.0
Mumbai Suburban,24,651978,27165.75
Munich,43,963857,22415.279069767443
Murcia,2,226185,113092.5
Muğla,1,18221,18221.0
My computer,1,77961,77961.0
Málaga,4,237326,59331.5
México,2,12275,6137.5
Mülhein an der Rhur,1,4325,4325.0
München,39,744385,19086.79487179487
Münster,4,52722,13180.5
NC,1,23679,23679.0
NCR,1,49378,49378.0
NH London Kensington,1,26585,26585.0
NIT Agartala,1,16926,16926.0
NIT Hamirpur,1,29022,29022.0
NN,2,15704,7852.0
NTNU,1,29022,29022.0
NY,4,124236,31059.0
NY NY,1,29022,29022.0
NYC,2,88136,44068.0
NaN,1,22803,22803.0
Nagercoil,1,8375,8375.0
Nagpur,2,16602,8301.0
Nagpur City,2,31821,15910.5
Nainital,1,13334,13334.0
Nairobi,7,185901,26557.285714285714
Naju,1,29022,29022.0
Namyangju,1,11812,11812.0
NanJing,1,14777,14777.0
Nancy,1,62415,62415.0
Nandura,1,7852,7852.0
Nanjing,5,219927,43985.4
Nantes,6,428075,71345.83333333333
Nantwich,1,21220,21220.0
Naples,1,4150,4150.0
Napoli,1,11633,11633.0
Nashik,4,117906,29476.5
Nashville,8,205593,25699.125
Natal,2,41222,20611.0
Natick,1,23736,23736.0
National Remote Sensing Centre,1,49378,49378.0
Navi Mumbai,1,5813,5813.0
Nederland,81,2957893,36517.1975308642
Negros Oriental,1,37244,37244.0
Nelson,1,7980,7980.0
Nelson City,1,7980,7980.0
Nesoddtangen,1,36240,36240.0
Netherlands,2,43352,21676.0
Neumarkt,1,21220,21220.0
New Castle,1,40203,40203.0
New Delhi,33,745656,22595.636363636364
New Hampshire,1,5832,5832.0
New Haven,2,111635,55817.5
New Jersey,8,327014,40876.75
New York,87,2415314,27762.22988505747
New York City,8,155497,19437.125
New Zealand / Aotearoa,17,398904,23464.941176470587
Newark,1,71195,71195.0
Newcastle upon Tyne,2,49261,24630.5
Newport Beach,1,19570,19570.0
Nicaragua,2,27588,13794.0
Nice,1,6171,6171.0
Nicosia,1,77961,77961.0
Nigeria,1,171829,171829.0
Nijmegen,2,200851,100425.5
Nijmegen area,1,4425,4425.0
Ningbo,1,22803,22803.0
Nishinomiya City,1,5148,5148.0
Nizhniy Novgorod,1,7852,7852.0
Nizhny Novgorod,7,109527,15646.714285714286
Nizhny Novrogod,1,7852,7852.0
No. 485,1,4741,4741.0
No. 66 New Model Road,1,13334,13334.0
NoMad,3,22652,7550.666666666667
Noida,2,20547,10273.5
Nomad - currently in Prague,1,171829,171829.0
Nomad Digital GmbH,2,38727,19363.5
Nomad club,1,53164,53164.0
Nord,1,77895,77895.0
North America,1,5372,5372.0
North Atlantic Ocean,1,148290,148290.0
North Carolina,8,355369,44421.125
North Pole,1,77895,77895.0
North Vancouver,1,7917,7917.0
North West,1,37358,37358.0
North Yarmouth,1,21220,21220.0
Norway,1,36520,36520.0
Norwich,1,8218,8218.0
Nottingham,2,9326,4663.0
Nova,1,5504,5504.0
Nova Scotia,1,19093,19093.0
Novi Sad,1,3448,3448.0
Nowe Miasto,1,10938,10938.0
Nowhere,1,29022,29022.0
Nuernberg,1,71312,71312.0
Nuestra Señora del Rosario de Pompeya de Puyo,2,108935,54467.5
Nuremberg,2,149273,74636.5
N{O,1,4853,4853.0
Nürnberg,3,72653,24217.666666666668
OH,1,36240,36240.0
ON,2,50049,25024.5
OR,1,7852,7852.0
Oak Creek,1,40041,40041.0
Oakland,12,198165,16513.75
Oakville,1,8195,8195.0
Oasis Waters International,1,8023,8023.0
Odesa,1,3448,3448.0
Odisha,1,5502,5502.0
Ogijares,1,19570,19570.0
Ohio,4,364936,91234.0
Oita,1,148290,148290.0
Oldenburg,3,48873,16291.0
Olympia,1,8557,8557.0
Olympus Mons,1,29022,29022.0
Omaha,4,102622,25655.5
Oman Topaz,1,27040,27040.0
On The Road,1,36153,36153.0
Ongole,1,19570,19570.0
Online,4,37974,9493.5
Ontario,12,314698,26224.833333333332
Open secrets,1,11633,11633.0
Oradea,1,77961,77961.0
Oran,4,88628,22157.0
Orange County,4,67870,16967.5
Oregon,6,387849,64641.5
Orlando,8,202453,25306.625
Orsay,1,30974,30974.0
Osaka,5,84559,16911.8
Oslo,30,797041,26568.033333333333
Osnabrück,2,44670,22335.0
Ottawa,11,232827,21166.090909090908
Ouaka,39,1425249,36544.846153846156
Outer Heaven Espresso,1,23679,23679.0
Owczarnia,1,3341,3341.0
Owerri,1,3448,3448.0
Oxford,11,392836,35712.36363636364
Oʻahu,1,23736,23736.0
Oʻzbekiston,1,26968,26968.0
P&R,1,4474,4474.0
PRC,9,70668,7852.0
Pabu,1,11599,11599.0
Pacatuba,1,6268,6268.0
Pachalik de Benguerir باشوية ابن جرير,1,11633,11633.0
Pacific Grove,1,19986,19986.0
Pacific Northwest,2,32097,16048.5
Pacific Ocean,1,7852,7852.0
Paderborn,2,23720,11860.0
Padua,1,62415,62415.0
Palm Beach,1,36520,36520.0
Palma,1,77895,77895.0
Palo Alto,21,587185,27961.190476190477
Panamá,1,27246,27246.0
Pangaea Land of the Dinosaurs,1,27246,27246.0
Pangyo,1,29022,29022.0
Panvel,1,8218,8218.0
Paraná,1,6268,6268.0
Paris,157,4554036,29006.59872611465
Park City,3,40395,13465.0
Paso Robles,1,77895,77895.0
Passau,2,186011,93005.5
Patiala,2,34852,17426.0
Patna,2,83797,41898.5
Pavia,1,17000,17000.0
Peking,1,12510,12510.0
Pender Island,1,14711,14711.0
Pennsylvania,5,192318,38463.6
Perth,7,259192,37027.42857142857
Peshawar,1,15359,15359.0
Philadelphia,17,426135,25066.764705882353
Philippines,1,10938,10938.0
Phnom Penh,1,27246,27246.0
Phoenix,12,304956,25413.0
Phuket,1,23679,23679.0
Pilipinas,4,35122,8780.5
Pindamonhangaba,2,89661,44830.5
Pindorama,1,3372,3372.0
Pittsburgh,22,488972,22226.0
Pizza Planet,1,19570,19570.0
Planet Earth,9,349145,38793.88888888889
Plano,1,23211,23211.0
Plouguerneau,1,8023,8023.0
Plovdiv,2,44220,22110.0
Pluto,2,19575,9787.5
Plymouth,1,11687,11687.0
Pohang,1,29022,29022.0
Poitiers,1,21627,21627.0
Pokhara,1,29501,29501.0
Poland,8,98477,12309.625
Polska,35,781480,22328.0
Port-aux-Français,1,36520,36520.0
Portland,42,1052463,25058.64285714286
Portland East,1,5622,5622.0
Porto,12,298023,24835.25
Porto Alegre,7,321642,45948.857142857145
Porto Alegre/RS,1,8405,8405.0
Portsmouth,1,21220,21220.0
Portugal,19,480289,25278.36842105263
Potsdam,5,47602,9520.4
Potsdam/Berlin,1,30974,30974.0
Pottawatomie County,1,21220,21220.0
Pouso Alegre,1,19570,19570.0
Poznan,1,30974,30974.0
Poznań,4,163776,40944.0
Poços de Caldas,1,5813,5813.0
Prague,16,334758,20922.375
Praha,1,13062,13062.0
Prayagraj,3,41250,13750.0
Prelog,1,8023,8023.0
Princeton,12,221883,18490.25
Providence,5,129835,25967.0
Provincia di Trento,1,19371,19371.0
Provo,1,77961,77961.0
Provo Utah,1,13062,13062.0
Pudong,1,71195,71195.0
Puebla,1,171829,171829.0
Pueblo,1,8101,8101.0
Pundhag,1,40041,40041.0
Pune,15,494412,32960.8
Pune City,23,567336,24666.782608695652
Punjab,1,56047,56047.0
Purwokerto,1,20905,20905.0
Puyallup,1,9513,9513.0
Qingdao,3,127401,42467.0
Quanzhou,1,10938,10938.0
Quebec,4,84846,21211.5
Quebec City,1,29022,29022.0
Queen Creek,1,29501,29501.0
Quezon City,2,50982,25491.0
Quito,2,55937,27968.5
Québec,4,75265,18816.25
Québec City,2,53464,26732.0
RCKiK Poznań OT Nowy Tomyśl,1,3263,3263.0
RF4C+GM6,1,49378,49378.0
RNB,1,7852,7852.0
RTP,1,71312,71312.0
Rabat,2,16024,8012.0
Raipur,2,16070,8035.0
Rajasthan,2,35464,17732.0
Rajiv Gandhi International Airport,1,4853,4853.0
Raleigh,13,869340,66872.30769230769
Ramat Gan,1,15359,15359.0
Ranchi,1,40203,40203.0
Randers,1,14182,14182.0
Random Cottage,1,3688,3688.0
Rapid City,1,39146,39146.0
Reading,3,24750,8250.0
Recife,6,117816,19636.0
Recklinghausen,1,6090,6090.0
Redmond,49,1255429,25621.0
Redwood City,1,26968,26968.0
Regensburg,3,80317,26772.333333333332
Reims,1,3448,3448.0
Remote,41,960874,23435.951219512193
Rennes,3,118569,39523.0
Reno,3,209271,69757.0
Republic of Korea,1,19570,19570.0
Reston,1,19570,19570.0
Restoran Wu Han,1,22803,22803.0
Rethymno,1,5813,5813.0
Reykjavík,2,22400,11200.0
Rhode Island,3,94187,31395.666666666668
Richardson,1,4335,4335.0
Richmond,4,147323,36830.75
Riga,2,26688,13344.0
Rillieux-la-Pape,1,8023,8023.0
Ring,1,22803,22803.0
Rio Grande do Norte,1,7511,7511.0
Rio Grande do Sul,1,37358,37358.0
Rio de Janeiro,12,356132,29677.666666666668
Riverside,1,8218,8218.0
Riverside County,1,30595,30595.0
Riyadh,2,226185,113092.5
Riyadh الرياض,3,124427,41475.666666666664
Roanoke,1,8101,8101.0
Rochester,4,134103,33525.75
Rockville,1,19371,19371.0
Rojales,1,11812,11812.0
Roma,8,126597,15824.625
Romania,1,7852,7852.0
Rome,6,162381,27063.5
România,7,220120,31445.714285714286
Rondonópolis,1,23211,23211.0
Rosendale,1,14695,14695.0
Roseville,1,11812,11812.0
Rotterdam,6,171082,28513.666666666668
Rouen,2,27304,13652.0
Royal Leamington Spa,1,23211,23211.0
Rua Mariano Procópio,1,5470,5470.0
Runway,1,8418,8418.0
Russia,31,627781,20251.0
Russian Federation,2,11738,5869.0
Rwanda,1,17000,17000.0
Rīga,1,5372,5372.0
SF Bay Area,3,71401,23800.333333333332
SF Lower Primary School,2,9270,4635.0
SLC,1,11687,11687.0
SOL,1,148290,148290.0
Saarbrücken,1,49378,49378.0
Saclay,1,29022,29022.0
Sacramento,4,65512,16378.0
Saida,1,9536,9536.0
Saint Augustine,1,40041,40041.0
Saint Cloud,1,4206,4206.0
Saint Johns,1,4206,4206.0
Saint Louis,2,175330,87665.0
Saint Petersburg,1,6559,6559.0
Saint-Lazare,1,40041,40041.0
Saint-Malo,1,8101,8101.0
Saint-Pete,1,77961,77961.0
Saitama,1,71195,71195.0
Sakarya,1,3459,3459.0
Salem,4,223789,55947.25
Salem Oregon,1,16826,16826.0
Salinas,1,15359,15359.0
Salt Lake City,16,485175,30323.4375
Salt lake city,1,23211,23211.0
Saltillo,1,27040,27040.0
Salzburg,1,22335,22335.0
Samara,1,6777,6777.0
Samsun,1,5502,5502.0
San Antonio,1,40041,40041.0
San Bruno,1,29501,29501.0
San Diego,24,701949,29247.875
San Francisco,425,9851971,23181.10823529412
San Francisco Bay Area,80,1796106,22451.325
San Fransisco,3,61127,20375.666666666668
San Jose,22,292448,13293.09090909091
San Luis Obispo,1,29022,29022.0
San Mateo,7,262767,37538.142857142855
San Mateo County,1,29501,29501.0
San Ramon,1,8557,8557.0
Sandviken,1,40203,40203.0
Sanfrancisco,1,19371,19371.0
Sant Cugat del Vallès,1,22335,22335.0
Sant Fost de Campsentelles,1,6425,6425.0
Santa Barbara,1,8420,8420.0
Santa Catarina,1,4325,4325.0
Santa Clara,15,268801,17920.066666666666
Santa Cruz,4,60325,15081.25
Santa Cruz Mountains,1,11687,11687.0
Santa Cruz de Tenerife,1,8360,8360.0
Santa Helena,1,77961,77961.0
Santa Monica,3,82125,27375.0
Santa-Barbara,1,148290,148290.0
Santander,2,40565,20282.5
Santiago,8,221909,27738.625
Santiago de Compostela,1,12053,12053.0
Santo Domingo,1,40041,40041.0
Santo Domingo de Guzmán,1,77895,77895.0
Sanya,1,3448,3448.0
Sao Carlos,1,4325,4325.0
Sapporo,1,71195,71195.0
Saratoga,1,8420,8420.0
Sardigna/Sardegna,1,6495,6495.0
Scandicci (FI),1,19570,19570.0
Scarborough,1,77961,77961.0
Schagen,1,6559,6559.0
Schengen,1,171829,171829.0
Schirnding,1,6272,6272.0
Schwaebisch Gmuend,1,37244,37244.0
Schweiz/Suisse/Svizzera/Svizra,52,1518732,29206.384615384617
Seattle,171,3907049,22848.23976608187
Sedgefield,1,5504,5504.0
Seoul,73,2392689,32776.561643835616
Seoul Korea,1,19570,19570.0
Serbia,1,11633,11633.0
Serra do Açor,1,6425,6425.0
Serris,1,171829,171829.0
Setia Alam,1,36240,36240.0
Sevilla,1,7760,7760.0
Seville,1,7760,7760.0
Sf,1,4206,4206.0
Sha Tin,1,40323,40323.0
Shaanxi,1,71195,71195.0
Shadows,1,3372,3372.0
ShanDong,1,22803,22803.0
ShangHai,10,376380,37638.0
Shanghai,79,2306216,29192.607594936708
Shanghai / Hangzhou,1,4456,4456.0
ShanghaiTech University,1,22335,22335.0
Sheffield,4,49101,12275.25
Shefford,1,21220,21220.0
Shen Zhen,1,40323,40323.0
ShenZhen,6,291559,48593.166666666664
Shenzhen,26,697609,26831.115384615383
Shenzhen City,1,71195,71195.0
Sherbrooke,1,29022,29022.0
Sheridan,1,27040,27040.0
Shibuya,1,148290,148290.0
SiT Soppen studentbarnehage,1,5989,5989.0
Sibiu,1,37244,37244.0
Sichuan,1,19972,19972.0
Siegen,1,77895,77895.0
Siena,1,8101,8101.0
Sierra Nevada,1,5832,5832.0
Sigüenza,1,39146,39146.0
Silesia,1,171829,171829.0
Silicon Slopes,1,17000,17000.0
Silicon Valley,4,98583,24645.75
Siliguri,1,6272,6272.0
Simon Fraser University,1,5368,5368.0
Singapore,144,5324888,36978.38888888889
Singapore Strait,1,10938,10938.0
Sinsheim,1,6090,6090.0
Sioux Falls,2,8791,4395.5
Site 19,1,148290,148290.0
Skoghall,1,19570,19570.0
Skokie,1,19371,19371.0
Skopje,5,204401,40880.2
Skövde,1,26365,26365.0
Sḵwx̱wú7mesh,1,5813,5813.0
Slovakia,1,15359,15359.0
Slovenija,6,125876,20979.333333333332
Slovensko,3,44782,14927.333333333334
Snoqualmie,1,13062,13062.0
Sofia,5,262503,52500.6
Solar System,2,83429,41714.5
Solomon Islands,1,11552,11552.0
Somerset West,1,3341,3341.0
Somerville,2,58708,29354.0
Somewhere,4,359827,89956.75
Somewhere beautiful,1,36520,36520.0
Somewhere in Detroit,1,11552,11552.0
Sophia Antipolis,3,74693,24897.666666666668
Sosnowiec,1,23679,23679.0
South Africa,1,30974,30974.0
South Bend,1,23679,23679.0
South Carolina,3,233252,77750.66666666667
South Florida,1,5813,5813.0
South Kensington,1,14182,14182.0
South Korea,3,160567,53522.333333333336
South Mumbai,1,27246,27246.0
South Tyrol,1,21220,21220.0
South Wales,1,21220,21220.0
Southampton,1,8218,8218.0
Southern California,3,56941,18980.333333333332
Southern Oregon University,1,4536,4536.0
Southport,1,37244,37244.0
Spain,1,11812,11812.0
Spanish Fork,1,11122,11122.0
Split,1,29022,29022.0
Springfield,2,34127,17063.5
Squamish,1,21220,21220.0
Sri Lanka,11,216992,19726.545454545456
Srinagar,1,16926,16926.0
St Augustine,1,49378,49378.0
St Louis,1,14711,14711.0
St Paul,1,14182,14182.0
St. John's,3,165392,55130.666666666664
St. Louis,7,195278,27896.85714285714
St. Petersburg,3,55324,18441.333333333332
St.-Petersburg,1,6487,6487.0
StJ,1,39146,39146.0
Stanford,9,148101,16455.666666666668
State College,3,109104,36368.0
Stavanger,1,16826,16826.0
Stellenbosch,1,19286,19286.0
Steubenville,1,171829,171829.0
Stockern,1,62415,62415.0
Stockholm,52,2419490,46528.653846153844
Stony Brook,2,35006,17503.0
Stranraer and Wigtownshire Free Press,1,62415,62415.0
Strasbourg,3,43314,14438.0
Stuttgart,11,245634,22330.363636363636
Sudbury,1,14182,14182.0
Sugar Land,1,26968,26968.0
Sukabumi,1,6268,6268.0
Summit,1,6559,6559.0
Sunnyvale,18,308921,17162.277777777777
Sunshine Coast,1,77895,77895.0
Sunshine Coast Regional,1,6272,6272.0
Suomi / Finland,22,759782,34535.545454545456
Surabaya,1,6425,6425.0
Surakarta,1,5502,5502.0
Surat,8,149311,18663.875
Surulere,1,5813,5813.0
Suttgart,1,14182,14182.0
Suwon,1,11687,11687.0
Suwon-si,1,71312,71312.0
Suzhou,7,284793,40684.71428571428
Sverige,40,1061655,26541.375
Sveti Stefan,1,36240,36240.0
Swansea,1,19570,19570.0
Swat,1,18221,18221.0
Sweden,1,6777,6777.0
Swindon,1,7852,7852.0
Switzerland,1,148290,148290.0
Sydney,40,1453234,36330.85
Sylhet,2,33148,16574.0
Syracuse,1,29574,29574.0
Szcecin,1,12394,12394.0
Szeged,1,40041,40041.0
Sài Gòn,1,4510,4510.0
São José,1,71195,71195.0
São José do Rio Preto,3,93013,31004.333333333332
São José dos Campos,3,98578,32859.333333333336
São Luís,1,56047,56047.0
São Paulo,20,566630,28331.5
São Paulo - SP,1,9536,9536.0
TLV,1,19570,19570.0
Tacoma,2,46016,23008.0
Taichung City,1,62415,62415.0
Taipei,25,977380,39095.2
Taipei City,1,77961,77961.0
Taipei Economic and Cultural Office,1,5504,5504.0
Taito,1,23679,23679.0
Taiwan,10,297762,29776.2
Tallahassee,1,171829,171829.0
Tallinn,8,148264,18533.0
Talmon,1,148290,148290.0
Tambov,1,14182,14182.0
Tamil Nadu,2,89419,44709.5
Tamilnadu,1,8218,8218.0
Tampa,2,320119,160059.5
Tampere,2,124830,62415.0
Tandil,1,6749,6749.0
Tangier,1,27246,27246.0
Tanza,1,3459,3459.0
Taoyuan,1,12898,12898.0
Tardis,1,33955,33955.0
Tauramena,1,5502,5502.0
Taylorsville,1,27040,27040.0
Tbilisi,10,270397,27039.7
Team Global (Gavy Kaler),1,5372,5372.0
Tehran,10,281989,28198.9
Tel Aviv,11,377311,34301.0
Tel Aviv Cafe,2,38186,19093.0
Tel Aviv-Yafo,1,23679,23679.0
Tel-Aviv,1,40041,40041.0
Telaprolu,1,23736,23736.0
Telluride,1,12394,12394.0
Tempe,2,62016,31008.0
Temuco,1,148290,148290.0
Tenerife,1,29501,29501.0
Terminal,1,3806,3806.0
Terminal 1,1,22335,22335.0
Terni,1,5813,5813.0
Texas,17,1077413,63377.23529411765
Thailand,1,77961,77961.0
Thane,1,9513,9513.0
Thawe Junction,3,55536,18512.0
The Blue Marble,1,23679,23679.0
The Corner,1,62415,62415.0
The Embarcadero & Bay Street,1,7582,7582.0
The Good Earth Garden,1,15951,15951.0
The Hague,2,191399,95699.5
The Matrix,2,27273,13636.5
The Metaverse Store,1,27040,27040.0
The Moon,1,11812,11812.0
The Netherlands,2,43319,21659.5
The Point Park past Caswell Cove,1,62415,62415.0
The Simulation Crew,1,4206,4206.0
The Sticks,1,23736,23736.0
The Underestimated City,1,27040,27040.0
The Valley,1,6425,6425.0
The Void,1,71312,71312.0
The Web Internet Cafe,2,10943,5471.5
The Wilderness,1,37244,37244.0
The Woodlands,1,23211,23211.0
Thessaloniki,3,44088,14696.0
Thành phố Hà Nội,4,52120,13030.0
Thành phố Hồ Chí Minh,9,251058,27895.333333333332
Tianjin,1,13299,13299.0
Tienen,1,171829,171829.0
Time Out Market Lisboa,1,11552,11552.0
Timisoara,6,101675,16945.833333333332
Timișoara,6,47112,7852.0
Tirana,1,14182,14182.0
Tiruchirappalli,2,25144,12572.0
Tirunelveli,1,27040,27040.0
Tochigi,1,148290,148290.0
Tokyo,54,2168974,40166.18518518518
Tokyo-to,1,148290,148290.0
Toledo,3,59883,19961.0
Tomball,1,5389,5389.0
Torino,3,57672,19224.0
Toronto,89,3013090,33854.94382022472
Toruń,1,19570,19570.0
Toscana,1,62415,62415.0
Toshkent,1,10938,10938.0
Toulouse,16,378674,23667.125
Townsville,1,21220,21220.0
Tranquility,1,3621,3621.0
Transylvania,1,11812,11812.0
Traveler's World RV Resort,1,36240,36240.0
Trencianska Tepla,1,62415,62415.0
Trento,1,171829,171829.0
Treviso,1,40203,40203.0
Trieste,1,11633,11633.0
Trondheim,52,825638,15877.653846153846
Trumbull,1,171829,171829.0
Tsinghua University,1,17000,17000.0
Tubarão,1,62415,62415.0
Tulsa,6,522592,87098.66666666667
Tunis,2,33826,16913.0
Turin,4,61213,15303.25
Turkey,4,86308,21577.0
Turkmenistan,1,77961,77961.0
Tysons Corner,1,19286,19286.0
Tát,1,53164,53164.0
Tübingen,3,13339,4446.333333333333
Türkiye,21,551602,26266.761904761905
U.S.A.,1,8420,8420.0
UF,1,7852,7852.0
UG 892 - β4,1,71195,71195.0
UK,2,13720,6860.0
USA,2,32705,16352.5
UTC−08:00 standard time,1,6171,6171.0
Ubud,2,200851,100425.5
Uddevalla,1,8418,8418.0
Udupi,1,14182,14182.0
Uganda,1,5502,5502.0
Ukraine,4,335617,83904.25
Ulaanbaatar,1,11812,11812.0
Ulm,1,53164,53164.0
Ulsan,1,16826,16826.0
Umuahia,1,12394,12394.0
Umujyi wa Kigali,1,62415,62415.0
United Arab Emirates,1,62415,62415.0
United Kingdom,66,1681158,25472.090909090908
United States,176,5910769,33583.91477272727
Univers,1,77895,77895.0
Universe,2,13841,6920.5
University of California,3,48705,16235.0
University of Edinburgh,1,29022,29022.0
University of Leeds,1,40041,40041.0
Université Côte d'Azur,1,3448,3448.0
Unknown,163,4850209,29755.883435582822
Urbana,2,43489,21744.5
Utah,4,54982,13745.5
Utc,1,32389,32389.0
Utopia,1,33955,33955.0
Utrecht,10,418408,41840.8
Uttar Pradesh,1,27246,27246.0
Uttarpara,1,77961,77961.0
VA,1,77895,77895.0
Vadodara,2,76443,38221.5
Valais,1,11812,11812.0
Valencia,5,62767,12553.4
Valladolid,1,40203,40203.0
Valle de Bravo,1,5504,5504.0
Valledupar,1,29370,29370.0
València,3,57515,19171.666666666668
Vancity,1,8101,8101.0
Vancouver,62,1776753,28657.3064516129
Vantaa,1,40203,40203.0
Varaždin,1,30974,30974.0
Varese,1,5502,5502.0
Varna,1,53164,53164.0
Vashi,1,29022,29022.0
Vashon,1,40041,40041.0
Venezia,1,18221,18221.0
Venezuela,1,5502,5502.0
Venice,1,8557,8557.0
Verona,2,39192,19596.0
Versailles,1,62415,62415.0
Vibo Valentia,1,19371,19371.0
Victoria,4,285324,71331.0
Victoria BC,1,7913,7913.0
Vienna,20,376177,18808.85
Vietnam,1,11552,11552.0
Vigo,2,25994,12997.0
Villeurbanne,1,14182,14182.0
Vilnius,9,143547,15949.666666666666
Virtual,1,23211,23211.0
Vitoria-Gasteiz,1,12053,12053.0
Việt Nam,12,438435,36536.25
Vorkuta,1,37244,37244.0
WA,1,23211,23211.0
WEST BENGAL,1,36240,36240.0
WFH,1,19570,19570.0
WWW,1,71195,71195.0
Waltham,1,17000,17000.0
Warrenton,1,4325,4325.0
Warrington,1,62415,62415.0
Warsaw,15,445520,29701.333333333332
Warszawa,16,334759,20922.4375
Warwickshire,1,23211,23211.0
Washington,28,686741,24526.464285714286
Washington DC,1,8405,8405.0
Washington DC Hypnosis Center,1,40203,40203.0
Waterloo,12,231617,19301.416666666668
Web,1,29022,29022.0
Weehawken,1,40041,40041.0
Wellington,10,312056,31205.6
West Bengal,3,60006,20002.0
West Coast,3,76802,25600.666666666668
West Hartford,1,8420,8420.0
West Henrietta,1,19808,19808.0
West Hollywood,1,30595,30595.0
West Lafayette,4,58530,14632.5
West Palm Beach,1,15915,15915.0
West Virginia,1,30005,30005.0
West Yorkshire,1,62415,62415.0
Westcliffe,1,19286,19286.0
Westford,1,27040,27040.0
Westlake,1,40203,40203.0
Westmorland,1,148290,148290.0
Westport,1,10938,10938.0
Wexford,1,13299,13299.0
Whatever,1,49378,49378.0
White Lake,1,8101,8101.0
Wien,11,117783,10707.545454545454
Williamsburg,1,3496,3496.0
Wilmington,1,19570,19570.0
Wiltshire,1,44122,44122.0
Winchester,1,27040,27040.0
Winnipeg,4,61237,15309.25
Wisconsin,6,234005,39000.833333333336
Witten,1,23679,23679.0
Wonderland,1,3459,3459.0
Woodinville,1,16826,16826.0
Woodland,1,29501,29501.0
World,8,289144,36143.0
Worldwide,6,139131,23188.5
Wroclaw,2,170625,85312.5
Wrocław,10,306453,30645.3
Wuhan,14,382066,27290.428571428572
Wuxi,2,142390,71195.0
Wyoming,1,14182,14182.0
Würzburg,1,29022,29022.0
Xi'an,6,371196,61866.0
Xiamen,4,199148,49787.0
Xiamen of Fujian Province,1,171829,171829.0
Xiamen(Amoy),1,33955,33955.0
XingTai,1,26365,26365.0
Yerevan,15,155623,10374.866666666667
Yogyakarta,3,20665,6888.333333333333
Yokohama,3,117211,39070.333333333336
York,2,65756,32878.0
Yorktown,1,21848,21848.0
Yorktown Heights,1,5075,5075.0
Your Mom's House,1,77895,77895.0
Ypsilanti,1,27040,27040.0
Yıldız Teknik Üniversitesi,1,3448,3448.0
Zagreb,16,372618,23288.625
Zhejiang,1,22803,22803.0
Zhejiang Hangzhou,1,16273,16273.0
ZhengZhou,1,33955,33955.0
Zhongshan,1,33955,33955.0
ZhuHai,1,71312,71312.0
Zhuhai,1,4582,4582.0
Zielona Góra,1,77895,77895.0
Zilina,1,27040,27040.0
Zizhu2,1,7852,7852.0
Zug,2,50165,25082.5
Zuid-Holland,1,44122,44122.0
Zurich,17,359401,21141.235294117647
Zurich Area,1,71312,71312.0
Zwickau,1,3448,3448.0
Zürich,39,1251329,32085.358974358973
[HangZhou,1,56047,56047.0
austin,1,19093,19093.0
baltimore,1,77895,77895.0
bash,1,40041,40041.0
bengaluru,1,7852,7852.0
brookline,1,23736,23736.0
chandrapur,1,4969,4969.0
chengdu,2,79390,39695.0
columbia,1,29022,29022.0
guangzhou,1,33955,33955.0
hangzhou,4,96526,24131.5
herzliya,1,37244,37244.0
home,1,4206,4206.0
in the air (인디에어),1,5372,5372.0
jiangsu,1,7686,7686.0
kampala,1,17000,17000.0
kolkata,1,27246,27246.0
kuala lumpur,1,171829,171829.0
massachusetts,1,23679,23679.0
mesa,1,4206,4206.0
near Kyiv,1,148290,148290.0
near Llanfairpwllgwyngyllgogerychwyrndrobwllllantysiliogogogoch,1,23679,23679.0
pokhara,1,9513,9513.0
redmond,1,5100,5100.0
rehovot/jerusalem,1,6268,6268.0
san diego,1,37244,37244.0
san francisco,1,34972,34972.0
shanghai,3,23556,7852.0
shenzhen,1,33955,33955.0
undefined,9,403208,44800.88888888889
unknown,1,33955,33955.0
washington,1,6462,6462.0
waterloo,1,171829,171829.0
wuhan,1,6980,6980.0
xxx,1,11812,11812.0
Åland,1,171829,171829.0
Ålesund,1,77961,77961.0
Éire / Ireland,20,464980,23249.0
Île-de-France,1,29022,29022.0
Örebro,1,29501,29501.0
Österreich,20,493133,24656.65
İstanbul,18,395128,21951.555555555555
İzmir,1,37244,37244.0
Αποκεντρωμένη Διοίκηση Πελοποννήσου,1,17000,17000.0
Δήμος Λάρνακας,1,5389,5389.0
Κάτω Βέρμιο,1,37244,37244.0
Κύπρος,3,123188,41062.666666666664
Λευκωσία,1,71195,71195.0
Πάτρα,1,4206,4206.0
Τέρρα,2,43057,21528.5
Алматы,1,14182,14182.0
Астана,1,5813,5813.0
Београд,5,83567,16713.4
Бишкек шаары,1,19570,19570.0
България,9,121530,13503.333333333334
Дагестан,1,77961,77961.0
Денисов ауданы,1,5693,5693.0
Европейски съюз,2,28802,14401.0
Екатеринбург,2,155067,77533.5
Екатеринбургское время,1,77895,77895.0
Київ,6,161224,26870.666666666668
Краснодар,2,54492,27246.0
Кыргызстан,1,30974,30974.0
Львів,1,4525,4525.0
Москва,21,599728,28558.47619047619
Нижний Новгород,1,41513,41513.0
Нови Сад,1,11812,11812.0
Обнинск,1,6799,6799.0
Одеса,1,7852,7852.0
Пловдив,1,62415,62415.0
Россия,5,234903,46980.6
Санкт-Петербург,9,409922,45546.88888888889
Северна Македонија,2,107243,53621.5
София,1,14182,14182.0
Стара Загора,1,77961,77961.0
Томская область,1,77961,77961.0
Україна,13,387822,29832.46153846154
бер.,1,7562,7562.0
городское поселение Петушки,1,40203,40203.0
городской округ Ростов-на-Дону,1,23736,23736.0
Қазақстан,1,8218,8218.0
Երևան,9,82476,9164.0
ירושלים | القدس,1,5838,5838.0
ישראל,34,1167843,34348.32352941176
פלאשבק,1,148290,148290.0
תל־אביב–יפו,7,204123,29160.428571428572
أبو ظبي,2,11720,5860.0
استان کردستان,1,17000,17000.0
اسلام آباد,1,15566,15566.0
السعودية,4,72206,18051.5
العالم,3,28655,9551.666666666666
القاهرة,2,8950,4475.0
المحيط الهادئ,1,148290,148290.0
تونس,7,107792,15398.857142857143
جزيرة البحرين,1,77961,77961.0
دبي,8,134779,16847.375
راولپنڈی,1,36240,36240.0
شرم الشيخ,1,11812,11812.0
شهر تبریز,1,14647,14647.0
شهر تهران,6,285621,47603.5
شهر مشهد,2,54741,27370.5
شیراز,2,70046,35023.0
عمان,3,34562,11520.666666666666
لاہور,3,326227,108742.33333333333
مصر,12,382911,31909.25
نابلس,1,71195,71195.0
پاکستان,1,5468,5468.0
کراچی ڈویژن,2,68228,34114.0
काठमाडौँ महानगरपालिका,1,40041,40041.0
नेपाल,11,422899,38445.36363636364
ঢাকা,1,5148,5148.0
กรุงเทพมหานคร,5,133648,26729.6
ประเทศไทย,11,311435,28312.272727272728
ປະເທດລາວ,2,43585,21792.5
ბათუმი,1,8101,8101.0
ព្រះរាជាណាចក្រ​កម្ពុជា,2,90957,45478.5
上海中心大厦,1,33955,33955.0
上海市,133,3955516,29740.72180451128
上海财经大学,1,33955,33955.0
东莞市,1,53637,53637.0
中国,166,4998597,30112.030120481926
中国南方航空深圳公司,1,71195,71195.0
亚洲,1,17099,17099.0
亚龙湾人间天堂-鸟巢度假村,1,71195,71195.0
京都市,1,4335,4335.0
佐賀県,1,36520,36520.0
内灘町,1,5470,5470.0
北京市,196,6040946,30821.15306122449
北京市第八十中学,1,30974,30974.0
区,1,71195,71195.0
华师,1,77961,77961.0
南京市,17,604313,35547.82352941176
南昌水闸桥,1,4582,4582.0
南津街街道,1,4833,4833.0
厦门市,5,147066,29413.2
台州市,1,71195,71195.0
合肥市,3,132516,44172.0
四川省,1,71195,71195.0
地球市民交流センター,1,27246,27246.0
大连市,3,83467,27822.333333333332
大阪市,2,55613,27806.5
天天红油赵师傅热干面,1,41513,41513.0
天朝,1,56047,56047.0
天津市,3,91701,30567.0
宁波市,1,33955,33955.0
安康市中医医院,1,6425,6425.0
山东省,2,103584,51792.0
山西省,1,71195,71195.0
广东省,1,3951,3951.0
广元绕城高速,1,40323,40323.0
广州市,32,1023723,31991.34375
庙行镇,1,35826,35826.0
成都市,25,677220,27088.8
政府物料供應處(九龍總部) Government Supplies Department Mainland Headquarters (Other Name),1,24772,24772.0
新北市議會,1,9513,9513.0
新浜市,1,6250,6250.0
新西兰签证申请中心,1,36520,36520.0
日本,75,2964565,39527.53333333333
李沧区,1,41614,41614.0
杭州市,72,2493033,34625.458333333336
東京大学 柏キャンパス,1,148290,148290.0
東京都,52,1739945,33460.480769230766
梧州市,1,56047,56047.0
横浜市立大学,1,8218,8218.0
武汉市,13,466989,35922.230769230766
池袋,1,22803,22803.0
河南省,1,22803,22803.0
洛阳市园林局,1,41513,41513.0
浙江浙能镇海燃气热电有限责任公司,1,3961,3961.0
浙江省,1,71195,71195.0
浮山县,1,3459,3459.0
海淀区,2,81836,40918.0
海淀区，北京/Haidian,1,16826,16826.0
深圳南山(连平)共建产业园,1,71195,71195.0
深圳市,47,1912526,40692.04255319149
清华大学,3,61197,20399.0
湖南省,1,71195,71195.0
澳門 Macau,1,6487,6487.0
烟台市,2,9482,4741.0
珠海市,1,8195,8195.0
田舍,1,19986,19986.0
申郑路,1,6777,6777.0
硅谷亮城,1,14182,14182.0
神奈川県,1,4335,4335.0
福岡県,1,71195,71195.0
福州市,3,150585,50195.0
福建省,2,70610,35305.0
臺北市,7,121651,17378.714285714286
臺灣,37,1186428,32065.62162162162
苏州市,9,468159,52017.666666666664
西安市,6,152783,25463.833333333332
重庆市,5,197104,39420.8
长安区,1,33955,33955.0
长春市,1,33955,33955.0
长沙市,1,10101,10101.0
青岛市,2,83026,41513.0
韦州镇,1,19188,19188.0
香港 Hong Kong,33,940200,28490.909090909092
麻布十番,1,30974,30974.0
가톨릭대학교 부천성모병원,1,4335,4335.0
경상남도,1,29022,29022.0
대한민국,2,31839,15919.5
미승인차량 회차로,1,6450,6450.0
부산광역시,1,7067,7067.0
서구,1,77895,77895.0
서울특별시,24,1054160,43923.333333333336
인하대학교,1,23679,23679.0
🌴 SANDRO Kiosk | Island Hopping around Alonabeach area.,1,4206,4206.0
